time,mainDescription,detailedDescription,icon,currentTemp,maxTemp,minTemp,pressure,humidity,windSpeed,windAngle,cloudDensity,visibility
1521225000,Clouds,scattered clouds,03d,279.71,280.15,279.15,1000,93,6.7,110,40,10000
1521226800,Rain,light rain,10n,279.66,280.15,279.15,1001,93,5.7,100,40,10000
1521228600,Rain,light rain,10n,279.27,280.15,278.15,1001,100,5.1,90,40,10000
1521230400,Clouds,scattered clouds,03n,279.16,280.15,278.15,1002,93,5.7,90,40,10000
1521232200,Clouds,scattered clouds,03n,279.71,280.15,279.15,1002,93,5.7,100,40,10000
1521234000,Clouds,scattered clouds,03n,279.66,280.15,279.15,1003,93,6.2,90,40,10000
1521235800,Clouds,scattered clouds,03n,279.71,280.15,279.15,1003,93,5.1,90,40,10000
1521237600,Clouds,broken clouds,04n,280.15,280.15,280.15,1003,87,7.2,80,75,10000
1521239400,Clouds,broken clouds,04n,280.15,280.15,280.15,1004,87,6.7,80,75,10000
1521241200,Rain,light rain,10n,280.15,280.15,280.15,1004,93,7.7,90,75,10000
1521243000,Rain,light rain,10n,279.71,280.15,279.15,1004,93,6.7,80,75,10000
1521244800,Rain,light rain,10n,279.66,280.15,279.15,1005,93,7.7,80,75,10000
1521246600,Rain,light rain,10n,279.71,280.15,279.15,1005,93,7.7,80,75,10000
1521248400,Rain,light rain,10n,279.15,279.15,279.15,1005,93,8.7,70,75,9000
1521250200,Rain,light rain,10n,279.15,279.15,279.15,1006,87,9.8,80,75,9000
1521252000,Rain,light rain,10n,278.66,279.15,278.15,1006,93,10.8,90,90,7000
1521253800,Rain,light rain,10n,278.71,279.15,278.15,1006,93,10.8,90,90,7000
1521255600,Rain,light rain,10n,277.66,278.15,277.15,1006,100,10.3,90,75,8000
1521257400,Rain,light rain,10n,277.71,278.15,277.15,1006,93,11.3,90,75,7000
1521259200,Rain,light rain,10n,277.15,277.15,277.15,1007,93,10.3,90,75,9000
1521261000,Rain,light rain,10n,277.15,277.15,277.15,1007,86,11.8,80,75,10000
1521262800,Rain,light rain,10n,277.15,277.15,277.15,1008,86,12.9,80,75,10000
1521264600,Rain,light rain,10n,277.15,277.15,277.15,1008,80,11.3,90,75,10000
1521266400,Clouds,broken clouds,04n,277.15,277.15,277.15,1008,80,10.8,90,75,10000
1521268200,Clouds,broken clouds,04n,276.71,277.15,276.15,1009,86,10.8,90,75,10000
1521270000,Clouds,broken clouds,04d,276.15,276.15,276.15,1009,86,9.8,90,75,10000
1521271800,Clouds,broken clouds,04d,276.15,276.15,276.15,1010,86,10.3,90,75,10000
1521273600,Rain,light rain,10d,276.15,276.15,276.15,1011,100,10.8,80,75,10000
1521275400,Rain,light rain,10d,276.15,276.15,276.15,1011,100,11.8,80,75,10000
1521277200,Rain,light rain,10d,275.15,275.15,275.15,1011,80,11.3,80,75,10000
1521279000,Rain,light rain,10d,275.15,275.15,275.15,1012,80,11.3,90,75,10000
1521280800,Snow,shower sleet,13d,275.15,275.15,275.15,1012,80,14.32,87,75,10000
1521282600,Snow,shower sleet,13d,275.15,275.15,275.15,1012,74,10.8,80,75,10000
1521284400,Snow,shower sleet,13d,275.15,275.15,275.15,1012,74,10.3,80,75,10000
1521286200,Snow,shower sleet,13d,275.15,275.15,275.15,1013,69,12.3,80,75,10000
1521288000,Clouds,broken clouds,04d,275.15,275.15,275.15,1013,69,12.3,80,75,10000
1521289800,Clouds,broken clouds,04d,275.15,275.15,275.15,1013,64,13.4,80,75,10000
1521291600,Clouds,broken clouds,04d,275.15,275.15,275.15,1013,64,12.9,80,75,10000
1521293400,Clouds,broken clouds,04d,275.15,275.15,275.15,1013,59,10.8,80,75,10000
1521295200,Clouds,broken clouds,04d,275.15,275.15,275.15,1013,55,11.3,80,75,10000
1521297000,Clouds,broken clouds,04d,275.15,275.15,275.15,1013,55,11.3,80,75,10000
1521298800,Clouds,broken clouds,04d,275.15,275.15,275.15,1013,55,10.8,80,75,10000
1521300600,Clouds,broken clouds,04d,275.15,275.15,275.15,1013,55,12.3,80,75,10000
1521302400,Clouds,broken clouds,04d,275.15,275.15,275.15,1013,55,10.8,80,75,10000
1521304200,Clouds,broken clouds,04d,275.15,275.15,275.15,1013,55,12.3,80,75,10000
1521306000,Rain,shower rain,09d,274.15,274.15,274.15,1013,59,10.8,70,75,10000
1521307800,Snow,light shower snow,13d,274.15,274.15,274.15,1014,69,10.8,80,75,10000
1521309600,Clouds,broken clouds,04d,274.15,274.15,274.15,1014,69,10.8,70,75,8000
1521311400,Clouds,broken clouds,04d,274.15,274.15,274.15,1014,55,11.3,70,75,10000
1521313200,Snow,light shower snow,13n,273.15,273.15,273.15,1014,100,10.8,70,75,10000
1521315000,Snow,light shower snow,13n,272.71,273.15,272.15,1014,80,10.3,70,75,10000
1521316800,Clouds,broken clouds,04n,272.64,273.15,272.15,1014,100,10.3,80,75,10000
1521318600,Snow,light shower snow,13n,272.59,273.15,272.15,1014,100,10.8,60,75,10000
1521320400,Snow,light shower snow,13n,272.64,273.15,272.15,1015,100,11.8,70,75,5000
1521322200,Rain,shower rain,09n,272.59,273.15,272.15,1014,100,11.3,60,75,10000
1521324000,Snow,light shower snow,13n,272.15,272.15,272.15,1015,74,11.3,70,75,3000
1521325800,Snow,light shower snow,13n,272.15,272.15,272.15,1015,74,10.8,70,75,9000
1521327600,Snow,light shower snow,13n,273.15,273.15,273.15,1014,100,10.3,70,75,10000
1521329400,Rain,shower rain,09n,272.71,273.15,272.15,1014,74,11.3,70,75,10000
1521331200,Clouds,broken clouds,04n,271.64,272.15,271.15,1014,68,11.8,80,75,10000
1521333000,Snow,light shower snow,13n,271.59,272.15,271.15,1014,74,9.8,60,75,10000
1521336600,Snow,light shower snow,13n,271.71,272.15,271.15,1015,86,10.3,60,75,5000
1521338400,Snow,light shower snow,13n,272.15,272.15,272.15,1014,80,10.3,70,75,8000
1521340200,Clouds,broken clouds,04n,272.59,273.15,272.15,1014,100,11.3,70,75,10000
1521342000,Snow,light shower snow,13n,272.14,273.15,271.15,1013,100,11.8,70,75,10000
1521343800,Snow,light shower snow,13n,271.59,272.15,271.15,1013,80,9.8,70,75,9000
1521345600,Clouds,broken clouds,04n,272.64,273.15,272.15,1013,100,11.8,70,75,9000
1521347400,Snow,light shower snow,13n,272.59,273.15,272.15,1013,100,10.8,60,75,7000
1521349200,Snow,light shower snow,13n,272.64,273.15,272.15,1013,100,12.3,70,75,6000
1521351000,Snow,light shower snow,13n,272.59,273.15,272.15,1013,100,11.8,60,75,8000
1521352800,Snow,light shower snow,13n,272.15,272.15,272.15,1013,86,11.8,60,75,9000
1521354600,Snow,light shower snow,13n,272.15,272.15,272.15,1013,86,11.8,60,75,4000
1521356400,Snow,light shower snow,13d,272.15,272.15,272.15,1013,86,12.3,60,75,3500
1521358200,Snow,light shower snow,13d,272.59,273.15,272.15,1013,100,11.3,60,75,2500
1521360000,Snow,shower snow,13d,272.15,272.15,272.15,1014,86,13.9,70,75,2000
1521361800,Snow,shower snow,13d,272.15,272.15,272.15,1014,92,10.8,70,75,800
1521363600,Snow,shower snow,13d,272.15,272.15,272.15,1014,100,12.9,70,75,1400
1521365400,Snow,shower snow,13d,272.15,272.15,272.15,1014,100,10.8,70,75,700
1521367200,Snow,light shower snow,13d,272.15,272.15,272.15,1014,92,11.3,70,75,1400
1521369000,Snow,light shower snow,13d,272.15,272.15,272.15,1014,100,11.3,70,75,1000
1521370800,Snow,light shower snow,13d,272.15,272.15,272.15,1014,100,11.3,70,75,1200
1521372600,Snow,light shower snow,13d,272.59,273.15,272.15,1014,100,11.8,80,75,700
1521374400,Snow,light shower snow,13d,272.64,273.15,272.15,1014,100,13.4,80,75,1800
1521376200,Snow,light shower snow,13d,272.59,273.15,272.15,1015,100,10.8,70,75,2000
1521378000,Snow,light shower snow,13d,273.15,273.15,273.15,1014,100,11.3,70,75,2500
1521379800,Snow,light shower snow,13d,273.15,273.15,273.15,1014,100,10.8,80,75,3000
1521381600,Snow,light shower snow,13d,273.15,273.15,273.15,1014,100,10.3,80,75,2500
1521383400,Snow,light shower snow,13d,273.59,274.15,273.15,1014,74,10.3,70,75,8000
1521385200,Clouds,broken clouds,04d,274.15,274.15,274.15,1014,74,10.8,70,75,10000
1521387000,Clouds,broken clouds,04d,274.15,274.15,274.15,1014,74,12.3,80,75,10000
1521388800,Clouds,broken clouds,04d,273.14,274.15,272.15,1014,69,11.3,80,75,10000
1521390600,Clouds,broken clouds,04d,273.46,275.15,272.15,1015,64,12.3,80,75,10000
1521392400,Clouds,broken clouds,04d,274.64,275.15,274.15,1015,64,11.3,80,75,10000
1521394200,Clouds,broken clouds,04d,274.59,275.15,274.15,1015,59,12.9,80,75,10000
1521396000,Clouds,broken clouds,04d,274.64,275.15,274.15,1015,59,11.8,80,75,10000
1521397800,Clouds,broken clouds,04d,274.59,275.15,274.15,1016,64,9.8,80,75,10000
1521399600,Snow,shower sleet,13n,274.15,274.15,274.15,1016,69,10.8,80,75,10000
1521401400,Clouds,broken clouds,04n,274.59,275.15,274.15,1016,59,11.3,70,75,10000
1521403200,Clouds,broken clouds,04n,274.15,274.15,274.15,1017,69,10.3,70,75,10000
1521405000,Clouds,broken clouds,04n,274.15,274.15,274.15,1017,64,12.3,80,75,10000
1521406800,Clouds,broken clouds,04n,274.15,274.15,274.15,1017,64,9.3,70,75,10000
1521408600,Clouds,broken clouds,04n,274.15,274.15,274.15,1017,64,10.8,70,75,10000
1521410400,Clouds,broken clouds,04n,274.15,274.15,274.15,1017,64,10.3,70,75,10000
1521412200,Clouds,broken clouds,04n,274.15,274.15,274.15,1017,69,11.3,80,75,10000
1521414000,Clouds,broken clouds,04n,274.15,274.15,274.15,1017,64,9.3,80,75,10000
1521415800,Clouds,broken clouds,04n,274.15,274.15,274.15,1018,64,9.3,80,75,10000
1521417600,Clouds,broken clouds,04n,274.15,274.15,274.15,1018,69,10.8,70,75,10000
1521419400,Clouds,broken clouds,04n,274.15,274.15,274.15,1018,64,9.8,70,75,10000
1521421200,Snow,light snow,13n,274.15,274.15,274.15,1018,64,10.3,80,75,10000
1521423000,Snow,light snow,13n,274.15,274.15,274.15,1018,64,9.8,80,75,10000
1521424800,Clouds,broken clouds,04n,274.15,274.15,274.15,1017,64,10.8,80,75,10000
1521426600,Clouds,broken clouds,04n,274.15,274.15,274.15,1018,64,9.8,80,75,10000
1521428400,Clouds,broken clouds,04n,274.15,274.15,274.15,1018,69,9.3,80,75,10000
1521430200,Clouds,broken clouds,04n,274.15,274.15,274.15,1018,64,9.3,80,75,10000
1521432000,Snow,light snow,13n,274.66,275.15,274.15,1018,69,9.3,80,75,10000
1521433800,Snow,light snow,13n,274.72,275.15,274.15,1018,69,9.8,80,75,10000
1521435600,Snow,light snow,13n,274.15,274.15,274.15,1018,69,9.3,80,75,10000
1521437400,Clouds,broken clouds,04n,274.15,274.15,274.15,1018,64,8.7,80,75,10000
1521439200,Snow,light snow,13n,275.15,275.15,275.15,1019,64,9.3,70,75,10000
1521441000,Snow,light snow,13d,275.15,275.15,275.15,1019,59,9.3,80,75,10000
1521442800,Clouds,broken clouds,04d,275.15,275.15,275.15,1019,64,8.7,70,75,10000
1521444600,Clouds,broken clouds,04d,275.15,275.15,275.15,1020,64,8.7,70,75,10000
1521446400,Clouds,broken clouds,04d,275.15,275.15,275.15,1020,64,8.2,70,75,10000
1521448200,Clouds,broken clouds,04d,275.15,275.15,275.15,1020,64,7.7,70,75,10000
1521450000,Snow,light shower snow,13d,275.15,275.15,275.15,1021,64,8.7,70,75,10000
1521451800,Snow,light shower snow,13d,275.15,275.15,275.15,1021,64,7.7,70,75,10000
1521453600,Clouds,broken clouds,04d,275.64,276.15,275.15,1021,59,9.8,70,75,10000
1521455400,Clouds,broken clouds,04d,275.58,276.15,275.15,1022,64,10.3,80,75,10000
1521457200,Clouds,broken clouds,04d,276.15,276.15,276.15,1022,59,11.3,70,75,10000
1521459000,Clouds,broken clouds,04d,276.59,277.15,276.15,1022,60,9.8,70,75,10000
1521460800,Clouds,broken clouds,04d,276.64,277.15,276.15,1023,64,9.8,70,75,10000
1521462600,Clouds,broken clouds,04d,276.59,277.15,276.15,1023,64,8.7,60,75,10000
1521464400,Clouds,broken clouds,04d,277.64,278.15,277.15,1023,56,7.7,60,75,10000
1521466200,Clouds,scattered clouds,03d,277.57,278.15,277.15,1023,60,9.3,50,40,10000
1521468000,Clouds,scattered clouds,03d,278.13,279.15,277.15,1023,52,9.3,70,40,10000
1521469800,Clouds,scattered clouds,03d,278.0,279.15,277.15,1023,100,9.8,50,40,10000
1521473400,Clouds,broken clouds,04d,277.59,278.15,277.15,1024,65,8.7,50,75,10000
1521475200,Clouds,scattered clouds,03d,278.15,278.15,278.15,1024,60,9.3,40,40,10000
1521477000,Clouds,scattered clouds,03d,278.15,278.15,278.15,1024,65,9.3,40,40,10000
1521478800,Clouds,few clouds,02d,278.15,278.15,278.15,1024,60,8.2,50,20,10000
1521480600,Clouds,few clouds,02d,278.15,278.15,278.15,1025,60,8.7,50,20,10000
1521482400,Clouds,few clouds,02d,277.78,278.15,277.15,1025,60,7.2,40,20,10000
1521484200,Clouds,few clouds,02d,277.71,278.15,277.15,1026,64,5.7,40,20,10000
1521486000,Clouds,few clouds,02n,276.66,277.15,276.15,1026,64,6.2,60,20,10000
1521487800,Clouds,few clouds,02n,276.71,277.15,276.15,1026,64,5.7,60,20,10000
1521489600,Clouds,few clouds,02n,275.66,276.15,275.15,1027,69,4.6,50,20,10000
1521491400,Clouds,few clouds,02n,275.73,276.15,275.15,1027,69,3.6,40,20,10000
1521495000,Clouds,few clouds,02n,275.15,275.15,275.15,1028,69,2.1,20,20,10000
1521498600,Clouds,few clouds,02n,274.59,275.15,274.15,1029,74,4.6,60,20,10000
1521500400,Clouds,scattered clouds,03n,274.64,275.15,274.15,1029,74,3.6,70,40,10000
1521502200,Clouds,scattered clouds,03n,274.59,275.15,274.15,1029,74,3.1,70,40,10000
1521504000,Clouds,scattered clouds,03n,273.66,274.15,273.15,1029,100,3.1,50,40,10000
1521505800,Clouds,scattered clouds,03n,274.15,274.15,274.15,1029,74,2.1,40,40,10000
1521633600,Clouds,broken clouds,04d,280.64,281.15,280.15,1029,65,8.7,260,75,10000
1521635400,Clouds,broken clouds,04d,281.15,281.15,281.15,1029,65,6.7,250,75,10000
1521639000,Clouds,scattered clouds,03d,282.14,283.15,281.15,1029,61,9.3,250,40,10000
1521640800,Clouds,broken clouds,04d,282.15,282.15,282.15,1028,66,10.3,250,75,10000
1521642600,Clouds,broken clouds,04d,282.15,282.15,282.15,1028,66,10.3,260,75,10000
1521644400,Clouds,broken clouds,04d,282.64,283.15,282.15,1028,66,9.3,250,75,10000
1521649800,Clouds,broken clouds,04d,282.59,283.15,282.15,1027,66,10.3,260,75,10000
1521651600,Clouds,broken clouds,04d,282.64,283.15,282.15,1027,66,10.3,260,75,10000
1521653400,Clouds,broken clouds,04d,282.15,282.15,282.15,1027,70,10.8,260,75,10000
1521655200,Clouds,broken clouds,04d,282.15,282.15,282.15,1027,70,9.8,260,75,10000
1521657000,Clouds,broken clouds,04d,282.15,282.15,282.15,1027,70,8.2,260,75,10000
1521658800,Clouds,broken clouds,04n,282.15,282.15,282.15,1027,70,8.2,270,75,10000
1521660600,Clouds,broken clouds,04n,282.15,282.15,282.15,1027,70,8.7,260,75,10000
1521662400,Clouds,broken clouds,04n,281.64,282.15,281.15,1026,70,7.2,260,75,10000
1521664200,Clouds,broken clouds,04n,281.15,281.15,281.15,1026,75,7.2,260,75,10000
1521666000,Clouds,broken clouds,04n,281.15,281.15,281.15,1026,75,7.7,260,75,10000
1521667800,Clouds,broken clouds,04n,281.15,281.15,281.15,1026,75,8.2,260,75,10000
1521669600,Clouds,broken clouds,04n,281.15,281.15,281.15,1025,70,7.2,260,75,10000
1521671400,Clouds,broken clouds,04n,281.15,281.15,281.15,1025,70,6.7,260,75,10000
1521673200,Clouds,few clouds,02n,279.64,280.15,279.15,1025,81,5.7,250,20,10000
1521675000,Clouds,few clouds,02n,279.58,280.15,279.15,1025,75,4.6,230,20,10000
1521676800,Clear,clear sky,01n,278.64,279.15,278.15,1024,81,4.6,240,0,10000
1521678600,Clear,clear sky,01n,278.59,279.15,278.15,1024,81,4.6,230,0,10000
1521680400,Clear,clear sky,01n,278.64,279.15,278.15,1024,81,5.7,240,0,10000
1521682200,Clear,clear sky,01n,278.15,278.15,278.15,1023,80,5.7,240,0,10000
1521684000,Clear,clear sky,01n,278.64,279.15,278.15,1023,75,5.1,240,0,10000
1521685800,Clear,clear sky,01n,278.15,278.15,278.15,1023,80,4.6,240,0,10000
1521687600,Clear,clear sky,01n,278.15,278.15,278.15,1022,80,4.1,230,0,10000
1521689400,Clear,clear sky,01n,278.15,278.15,278.15,1022,80,4.6,230,0,10000
1521691200,Clear,clear sky,01n,278.15,278.15,278.15,1021,80,4.1,230,0,10000
1521693000,Clear,clear sky,01n,278.15,278.15,278.15,1021,80,4.1,220,0,10000
1521694800,Clear,clear sky,01n,278.15,278.15,278.15,1020,75,3.1,210,0,10000
1521696600,Clear,clear sky,01n,278.15,278.15,278.15,1020,75,3.6,210,0,10000
1521698400,Clouds,broken clouds,04n,278.66,279.15,278.15,1019,80,3.1,200,75,10000
1521700200,Clouds,broken clouds,04d,279.15,279.15,279.15,1019,75,3.1,200,75,10000
1521702000,Clouds,broken clouds,04d,279.15,279.15,279.15,1019,75,3.6,200,75,10000
1521703800,Clouds,broken clouds,04d,279.59,280.15,279.15,1018,70,4.6,190,75,10000
1521705600,Clouds,broken clouds,04d,280.15,280.15,280.15,1018,70,6.2,200,75,10000
1521707400,Clouds,broken clouds,04d,280.66,281.15,280.15,1017,75,7.7,200,75,10000
1521709200,Clouds,broken clouds,04d,281.15,281.15,281.15,1017,65,8.2,200,75,10000
1521711000,Clouds,broken clouds,04d,281.15,281.15,281.15,1016,65,7.2,210,75,10000
1521712800,Clouds,broken clouds,04d,282.15,282.15,282.15,1015,61,7.2,200,75,10000
1521714600,Clouds,broken clouds,04d,282.15,282.15,282.15,1015,61,7.7,210,75,10000
1521716400,Clouds,broken clouds,04d,281.64,282.15,281.15,1014,66,8.7,220,75,10000
1521718200,Clouds,broken clouds,04d,282.15,282.15,282.15,1013,66,9.3,210,75,10000
1521720000,Clouds,broken clouds,04d,282.66,283.15,282.15,1013,66,6.2,200,75,10000
1521721800,Clouds,broken clouds,04d,282.15,282.15,282.15,1012,66,11.8,210,75,10000
1521723600,Clouds,broken clouds,04d,282.15,282.15,282.15,1011,66,9.3,200,75,10000
1521725400,Clouds,broken clouds,04d,282.15,282.15,282.15,1011,66,9.8,220,75,10000
1521727200,Clouds,broken clouds,04d,282.15,282.15,282.15,1010,66,10.8,220,75,10000
1521729000,Rain,light rain,10d,282.15,282.15,282.15,1009,70,10.8,200,75,10000
1521730800,Rain,light rain,10d,281.64,282.15,281.15,1009,70,6.2,190,75,10000
1521732600,Rain,light rain,10d,280.64,281.15,280.15,1008,81,7.7,190,75,10000
1521734400,Rain,light rain,10d,280.64,281.15,280.15,1007,81,7.2,190,75,10000
1521736200,Rain,light rain,10d,280.59,281.15,280.15,1006,81,7.2,190,75,10000
1521738000,Rain,light rain,10d,281.64,282.15,281.15,1005,81,8.7,200,75,10000
1521739800,Rain,light rain,10d,281.59,282.15,281.15,1004,81,8.2,190,75,10000
1521741600,Rain,light rain,10d,281.64,282.15,281.15,1003,81,4.1,170,75,10000
1521743400,Rain,light rain,10d,281.58,282.15,281.15,1003,81,6.7,200,75,10000
1521745200,Rain,light rain,10n,281.64,282.15,281.15,1002,81,7.7,210,75,10000
1521747000,Rain,light rain,10n,281.59,282.15,281.15,1001,81,8.2,200,75,10000
1521748800,Rain,light rain,10n,281.64,282.15,281.15,1001,81,5.1,200,75,10000
1521750600,Rain,light rain,10n,281.58,282.15,281.15,1000,81,6.2,200,75,10000
1521752400,Rain,light rain,10n,282.15,282.15,282.15,1000,81,5.7,200,75,10000
1521754200,Rain,light rain,10n,282.15,282.15,282.15,999,87,2.1,140,75,10000
1521756000,Rain,light rain,10n,282.64,283.15,282.15,998,81,2.6,180,75,10000
1521757800,Rain,light rain,10n,282.58,283.15,282.15,997,87,2.1,140,75,10000
1521759600,Rain,light rain,10n,282.15,282.15,282.15,996,87,2.1,150,75,10000
1521761400,Rain,light rain,10n,282.15,282.15,282.15,996,93,1.5,0,75,10000
1521763200,Clouds,broken clouds,04n,282.15,282.15,282.15,995,93,3.1,200,75,10000
1521765000,Clouds,broken clouds,04n,282.15,282.15,282.15,994,93,5.7,220,75,10000
1521766800,Clouds,broken clouds,04n,282.15,282.15,282.15,994,93,6.7,210,75,10000
1521768600,Clouds,broken clouds,04n,282.15,282.15,282.15,993,93,6.7,210,75,10000
1521770400,Clouds,broken clouds,04n,281.64,282.15,281.15,993,81,9.3,220,75,10000
1521772200,Clouds,broken clouds,04n,281.15,281.15,281.15,992,87,8.7,230,75,10000
1521774000,Rain,light rain,10n,280.64,281.15,280.15,992,81,9.8,230,75,10000
1521775800,Rain,light rain,10n,280.15,280.15,280.15,992,87,9.3,230,75,10000
1521777600,Clouds,broken clouds,04n,279.64,280.15,279.15,992,81,9.3,230,75,10000
1521779400,Rain,light rain,10n,279.15,279.15,279.15,991,93,9.8,220,75,10000
1521781200,Rain,light rain,10n,279.15,279.15,279.15,991,93,8.7,230,75,10000
1521783000,Rain,light rain,10n,279.15,279.15,279.15,992,93,11.3,240,75,10000
1521784800,Clouds,broken clouds,04n,279.15,279.15,279.15,992,87,10.8,250,75,10000
1521786600,Clouds,broken clouds,04d,279.15,279.15,279.15,992,87,11.8,250,75,10000
1521788400,Clouds,broken clouds,04d,279.15,279.15,279.15,992,81,11.3,260,75,10000
1521790200,Clouds,broken clouds,04d,279.15,279.15,279.15,993,81,12.3,260,75,10000
1521792000,Clouds,broken clouds,04d,279.15,279.15,279.15,993,81,9.8,260,75,10000
1521793800,Clouds,broken clouds,04d,280.15,280.15,280.15,993,81,12.3,260,75,10000
1521795600,Clouds,broken clouds,04d,279.64,280.15,279.15,993,81,11.3,270,75,10000
1521797400,Clouds,broken clouds,04d,280.15,280.15,280.15,993,81,11.8,260,75,10000
1521799200,Clouds,broken clouds,04d,280.15,280.15,280.15,994,81,9.8,260,75,10000
1521801000,Clouds,broken clouds,04d,280.66,281.15,280.15,994,81,8.2,250,75,10000
1521802800,Clouds,broken clouds,04d,281.15,281.15,281.15,994,75,6.2,240,75,10000
1521804600,Rain,shower rain,09d,281.64,282.15,281.15,994,66,7.2,240,75,10000
1521806400,Rain,shower rain,09d,282.14,283.15,281.15,994,61,8.2,250,75,10000
1521808200,Rain,shower rain,09d,281.64,282.15,281.15,994,66,7.2,250,75,10000
1521810000,Clouds,broken clouds,04d,282.15,282.15,282.15,994,66,7.2,280,75,10000
1521811800,Rain,shower rain,09d,282.15,282.15,282.15,994,66,5.7,250,75,10000
1521813600,Rain,light intensity shower rain,09d,281.64,282.15,281.15,993,66,4.1,270,75,10000
1521815400,Clouds,broken clouds,04d,281.64,282.15,281.15,994,66,4.1,230,75,10000
1521817200,Clouds,broken clouds,04d,282.15,282.15,282.15,993,66,4.1,220,75,10000
1521819000,Clouds,broken clouds,04d,282.15,282.15,282.15,993,61,3.6,220,75,10000
1521820800,Clouds,broken clouds,04d,282.15,282.15,282.15,993,61,3.1,210,75,10000
1521822600,Clouds,broken clouds,04d,282.15,282.15,282.15,993,61,2.6,200,75,10000
1521824400,Clouds,broken clouds,04d,281.64,282.15,281.15,993,57,1.0,0,75,10000
1521826200,Clouds,broken clouds,04d,281.59,282.15,281.15,993,66,3.1,120,75,10000
1521828000,Clouds,broken clouds,04d,281.15,281.15,281.15,994,75,3.1,120,75,10000
1521829800,Clouds,broken clouds,04d,280.72,281.15,280.15,994,81,2.6,120,75,10000
1521831600,Clouds,broken clouds,04n,280.16,281.15,279.15,994,87,2.6,120,75,10000
1521833400,Clouds,broken clouds,04n,280.28,281.15,279.15,995,87,2.1,130,75,10000
1521835200,Rain,light rain,10n,279.66,280.15,279.15,995,87,2.6,110,75,10000
1521837000,Rain,light rain,10n,279.71,280.15,279.15,995,93,2.6,60,75,10000
1521838800,Rain,light rain,10n,279.15,279.15,279.15,996,93,2.1,100,75,10000
1521840600,Rain,light rain,10n,279.15,279.15,279.15,996,87,2.6,90,75,10000
1521842400,Rain,light rain,10n,279.15,279.15,279.15,997,87,2.6,100,75,10000
1521844200,Rain,light rain,10n,278.71,279.15,278.15,997,93,2.1,90,75,10000
1521846000,Rain,light rain,10n,278.15,278.15,278.15,998,93,2.1,60,75,10000
1521847800,Rain,light rain,10n,278.15,278.15,278.15,998,86,1.5,90,75,10000
1521849600,Rain,light rain,10n,278.15,278.15,278.15,998,86,2.6,80,75,10000
1521851400,Drizzle,light intensity drizzle,09n,277.71,278.15,277.15,998,93,2.1,110,75,10000
1521853200,Rain,light rain,10n,278.15,278.15,278.15,999,93,2.1,30,75,10000
1521855000,Rain,light rain,10n,278.15,278.15,278.15,999,93,2.1,10,75,10000
1521856800,Rain,light rain,10n,277.66,278.15,277.15,999,93,2.1,360,75,10000
1521858600,Rain,light rain,10n,277.72,278.15,277.15,999,93,3.6,360,75,10000
1521860400,Rain,light rain,10n,277.66,278.15,277.15,1000,100,3.6,340,75,10000
1521862200,Clouds,broken clouds,04n,277.71,278.15,277.15,1000,100,2.6,340,75,10000
1521864000,Clouds,broken clouds,04n,277.66,278.15,277.15,1000,93,2.6,350,75,10000
1521865800,Clouds,broken clouds,04n,277.28,278.15,276.15,1000,93,3.1,340,75,10000
1521867600,Clouds,broken clouds,04n,276.66,277.15,276.15,1001,93,2.1,350,75,10000
1521869400,Clouds,broken clouds,04n,276.71,277.15,276.15,1001,93,2.6,340,75,10000
1521871200,Clouds,broken clouds,04n,276.66,277.15,276.15,1001,93,3.1,320,75,10000
1521878154,Clear,clear sky,01d,278.218,278.218,278.218,1012,100,4.66,290,0,0
1521879751,Clear,clear sky,01d,278.218,278.218,278.218,1012,100,4.66,290,0,0
1521881230,Clouds,broken clouds,04d,279.242,279.242,279.242,1012,100,4.56,345,56,0
1521882470,Clouds,broken clouds,04d,279.242,279.242,279.242,1012,100,4.56,345,56,0
1521884186,Clouds,broken clouds,04d,279.242,279.242,279.242,1012,100,4.56,345,56,0
1521885640,Clouds,broken clouds,04d,279.242,279.242,279.242,1012,100,4.56,345,56,0
1521886911,Clouds,broken clouds,04d,279.242,279.242,279.242,1012,100,4.56,345,56,0
1521888621,Clear,clear sky,01d,280.256,280.256,280.256,1014,96,3.89,339,0,0
1521890099,Clear,clear sky,01d,280.256,280.256,280.256,1014,96,3.89,339,0,0
1521891510,Clear,clear sky,01d,280.256,280.256,280.256,1014,96,3.89,339,0,0
1521892875,Clear,clear sky,01d,280.256,280.256,280.256,1014,96,3.89,339,0,0
1521894534,Clear,clear sky,01d,280.256,280.256,280.256,1014,96,3.89,339,0,0
1521894600,Clouds,broken clouds,04d,282.15,282.15,282.15,1004,96,3.1,10,75,10000
1521896400,Clouds,broken clouds,04d,282.15,282.15,282.15,1004,96,3.1,320,75,10000
1521898200,Clouds,scattered clouds,03d,282.15,282.15,282.15,1004,57,4.1,340,40,10000
1521900000,Clouds,scattered clouds,03d,282.64,283.15,282.15,1004,46,3.1,350,40,10000
1521901800,Clouds,scattered clouds,03d,283.02,284.15,282.15,1004,93,2.1,340,40,10000
1521903600,Clouds,scattered clouds,03d,283.15,283.15,283.15,1004,93,2.1,300,40,10000
1521905400,Clouds,scattered clouds,03d,283.59,284.15,283.15,1004,93,3.6,330,40,10000
1521907200,Clouds,scattered clouds,03d,283.66,284.15,283.15,1004,93,3.6,320,40,10000
1521909000,Clouds,scattered clouds,03d,283.71,284.15,283.15,1005,46,3.1,320,40,10000
1521910800,Clouds,scattered clouds,03d,283.66,284.15,283.15,1005,46,2.6,140,40,10000
1521912600,Clouds,scattered clouds,03d,283.71,284.15,283.15,1005,92,4.1,140,40,10000
1521914400,Clouds,broken clouds,04d,281.66,282.15,281.15,1005,92,3.1,140,75,10000
1521916200,Clouds,broken clouds,04d,281.28,282.15,280.15,1006,56,3.1,150,75,10000
1521918000,Clouds,broken clouds,04n,279.66,280.15,279.15,1006,60,2.6,160,75,10000
1521919800,Clouds,broken clouds,04n,279.27,280.15,278.15,1006,95,1.5,0,75,10000
1521921600,Clouds,broken clouds,04n,278.67,280.15,277.15,1006,95,1.0,0,75,10000
1521923400,Clouds,broken clouds,04n,278.43,280.15,276.15,1007,95,2.1,300,75,10000
1521925200,Clouds,broken clouds,04n,277.16,278.15,276.15,1007,86,2.6,290,75,10000
1521927000,Clouds,broken clouds,04n,278.15,278.15,278.15,1007,80,2.1,290,75,10000
1521928800,Clouds,broken clouds,04n,278.64,279.15,278.15,1007,75,4.1,300,75,10000
1521930600,Clouds,broken clouds,04n,278.15,278.15,278.15,1008,80,3.1,290,75,10000
1521932400,Clouds,broken clouds,04n,277.64,278.15,277.15,1008,80,2.6,280,75,10000
1521934200,Clouds,broken clouds,04n,277.15,277.15,277.15,1008,86,2.6,270,75,10000
1521936000,Clouds,broken clouds,04n,276.64,277.15,276.15,1008,86,3.1,270,75,10000
1521937800,Clouds,broken clouds,04n,277.03,278.15,276.15,1008,80,4.1,260,75,10000
1521940335,Clouds,few clouds,02n,278.868,278.868,278.868,1017,100,4.67,268,12,0
1521941840,Clouds,few clouds,02n,278.01,278.01,278.01,1018,100,5.57,265,12,0
1521943200,Clouds,scattered clouds,03n,275.15,275.15,275.15,1009,100,3.1,250,40,10000
1521945000,Clouds,few clouds,02n,274.59,275.15,274.15,1009,93,3.1,250,20,10000
1521946800,Clouds,few clouds,02n,274.64,275.15,274.15,1009,93,3.6,250,20,10000
1521948600,Clouds,few clouds,02n,274.58,275.15,274.15,1010,93,3.6,260,20,10000
1521950400,Clouds,few clouds,02n,274.64,275.15,274.15,1010,93,3.1,240,20,10000
1521952200,Clouds,few clouds,02n,274.59,275.15,274.15,1010,93,3.1,250,20,10000
1521954000,Clouds,few clouds,02n,274.14,275.15,273.15,1010,93,3.6,260,20,10000
1521955800,Clouds,few clouds,02n,274.03,275.15,273.15,1010,93,4.6,260,20,10000
1521957600,Clouds,scattered clouds,03n,273.63,275.15,272.15,1011,93,4.1,260,40,10000
1521959400,Clouds,scattered clouds,03d,273.46,275.15,272.15,1011,93,4.1,270,40,10000
1521961200,Clouds,scattered clouds,03d,274.64,275.15,274.15,1012,93,4.1,260,40,10000
1521963000,Clouds,few clouds,02d,274.59,275.15,274.15,1012,93,4.6,260,20,10000
1521964800,Clouds,few clouds,02d,276.66,277.15,276.15,1012,93,4.6,260,20,10000
1521966600,Clouds,few clouds,02d,277.15,277.15,277.15,1013,86,4.6,250,20,10000
1521968400,Clouds,few clouds,02d,278.15,278.15,278.15,1013,86,4.6,260,20,10000
1521970200,Clouds,few clouds,02d,278.59,279.15,278.15,1013,81,5.1,270,20,10000
1521972000,Clouds,few clouds,02d,280.15,280.15,280.15,1013,75,4.6,250,20,10000
1521973800,Clouds,few clouds,02d,280.58,281.15,280.15,1014,75,4.6,260,20,10000
1521975600,Clouds,scattered clouds,03d,281.14,282.15,280.15,1014,70,4.1,290,40,10000
1521977400,Clouds,scattered clouds,03d,281.46,283.15,280.15,1014,61,3.6,290,40,10000
1521979200,Clouds,scattered clouds,03d,282.15,282.15,282.15,1014,61,3.6,300,40,10000
1521981000,Clouds,scattered clouds,03d,282.58,283.15,282.15,1014,61,5.7,260,40,10000
1521982800,Clouds,scattered clouds,03d,282.64,283.15,282.15,1014,57,5.1,290,40,10000
1521984600,Clouds,scattered clouds,03d,283.02,284.15,282.15,1014,53,4.6,280,40,10000
1521986400,Clouds,scattered clouds,03d,283.15,283.15,283.15,1014,57,5.7,280,40,10000
1521988200,Clouds,scattered clouds,03d,283.59,284.15,283.15,1014,50,5.1,290,40,10000
1521990000,Clouds,scattered clouds,03d,283.15,283.15,283.15,1014,95,5.1,300,40,10000
1521991800,Clouds,scattered clouds,03d,283.15,283.15,283.15,1014,53,5.1,290,40,10000
1521993600,Clouds,scattered clouds,03d,283.66,284.15,283.15,1014,53,3.6,290,40,10000
1521995400,Clouds,scattered clouds,03d,283.71,284.15,283.15,1014,53,5.1,270,40,10000
1521997200,Clouds,broken clouds,04d,282.66,283.15,282.15,1014,57,4.6,280,75,10000
1521999000,Clouds,broken clouds,04d,282.72,283.15,282.15,1014,61,4.6,280,75,10000
1522000800,Clouds,broken clouds,04d,281.66,282.15,281.15,1014,65,3.6,310,75,10000
1522002600,Clouds,broken clouds,04d,281.71,282.15,281.15,1015,65,3.1,290,75,10000
1522004400,Clouds,broken clouds,04n,279.14,280.15,278.15,1015,70,2.6,290,75,10000
1522006200,Clouds,broken clouds,04n,278.58,279.15,278.15,1015,70,2.1,290,75,10000
1522008000,Clouds,broken clouds,04n,279.15,279.15,279.15,1016,75,3.6,270,75,10000
1522009800,Clouds,broken clouds,04n,279.15,279.15,279.15,1016,75,3.6,270,75,10000
1522011600,Clouds,broken clouds,04n,279.15,279.15,279.15,1016,75,3.6,280,75,10000
1522013400,Clouds,broken clouds,04n,279.15,279.15,279.15,1016,75,3.6,280,75,10000
1522015200,Clouds,broken clouds,04n,279.15,279.15,279.15,1016,81,3.6,290,75,10000
1522017000,Clouds,broken clouds,04n,279.15,279.15,279.15,1016,81,3.6,280,75,10000
1522018800,Clouds,broken clouds,04n,279.15,279.15,279.15,1016,81,3.1,270,75,10000
1522020600,Clouds,broken clouds,04n,279.15,279.15,279.15,1016,81,3.6,260,75,10000
1522022400,Clouds,broken clouds,04n,278.66,279.15,278.15,1016,86,3.1,260,75,10000
1522024200,Clouds,broken clouds,04n,279.15,279.15,279.15,1016,81,3.1,260,75,10000
1522026000,Clouds,broken clouds,04n,277.14,278.15,276.15,1016,86,3.1,250,75,10000
1522027800,Clouds,broken clouds,04n,277.03,278.15,276.15,1016,86,2.6,240,75,10000
1522029600,Clouds,broken clouds,04n,276.63,278.15,275.15,1016,86,4.6,250,75,10000
1522031400,Clouds,broken clouds,04n,276.44,278.15,275.15,1016,80,4.1,250,75,10000
1522033200,Clouds,broken clouds,04n,277.14,278.15,276.15,1016,80,4.1,250,75,10000
1522035000,Clouds,scattered clouds,03n,276.59,277.15,276.15,1016,86,4.6,250,40,10000
1522036800,Clouds,scattered clouds,03n,275.63,277.15,274.15,1016,86,5.1,270,40,10000
1522038600,Clouds,few clouds,02n,275.01,276.15,274.15,1016,93,3.6,270,20,10000
1522040400,Clouds,scattered clouds,03n,276.15,276.15,276.15,1016,86,3.6,270,40,10000
1522042200,Clouds,scattered clouds,03n,276.15,276.15,276.15,1016,93,2.1,250,40,10000
1522044000,Clouds,broken clouds,04n,275.64,276.15,275.15,1016,93,3.1,250,75,10000
1522045800,Clouds,broken clouds,04d,275.59,276.15,275.15,1016,93,3.1,250,75,10000
1522047600,Clouds,broken clouds,04d,276.64,277.15,276.15,1016,93,3.1,260,75,10000
1522054202,Clear,clear sky,01d,279.13,279.13,279.13,1026,100,1.6,237,0,0
1522055568,Clear,clear sky,01d,279.13,279.13,279.13,1026,100,1.6,237,0,0
1522056600,Clouds,broken clouds,04d,281.15,281.15,281.15,1016,65,3.1,150,75,10000
1522057159,Clear,clear sky,01d,279.13,279.13,279.13,1026,100,1.6,237,0,0
1522058400,Clouds,broken clouds,04d,281.59,282.15,281.15,1016,61,4.1,140,75,10000
1522062000,Clouds,broken clouds,04d,282.15,282.15,282.15,1015,66,3.6,120,75,10000
1522063800,Clouds,broken clouds,04d,283.15,283.15,283.15,1015,66,3.6,120,75,10000
1522065600,Clouds,broken clouds,04d,283.15,283.15,283.15,1015,61,4.1,130,75,10000
1522069200,Clouds,broken clouds,04d,283.72,284.15,283.15,1014,61,4.1,110,75,10000
1522071000,Clouds,broken clouds,04d,283.64,284.15,283.15,1014,62,4.6,110,75,10000
1522072800,Clouds,broken clouds,04d,283.64,284.15,283.15,1013,62,3.6,130,75,10000
1522074600,Clouds,broken clouds,04d,283.64,284.15,283.15,1013,62,4.1,130,75,10000
1522078200,Rain,light rain,10d,283.15,283.15,283.15,1012,71,5.1,200,75,10000
1522080000,Rain,light rain,10d,283.15,283.15,283.15,1012,71,3.6,190,75,10000
1522081800,Rain,light rain,10d,283.15,283.15,283.15,1012,71,5.1,190,75,10000
1522083600,Rain,light rain,10d,283.15,283.15,283.15,1011,71,6.2,170,75,10000
1522085400,Rain,light rain,10d,282.15,282.15,282.15,1011,81,5.7,160,75,10000
1522087200,Rain,light rain,10d,282.15,282.15,282.15,1010,81,6.2,150,75,10000
1522089000,Rain,light rain,10d,281.72,282.15,281.15,1010,87,5.7,140,75,10000
1522090800,Rain,light rain,10n,281.66,282.15,281.15,1010,87,6.2,150,75,10000
1522092600,Rain,light rain,10n,281.73,282.15,281.15,1009,87,6.2,150,75,10000
1522094400,Rain,light rain,10n,281.15,281.15,281.15,1008,87,7.2,150,75,10000
1522096200,Rain,light rain,10n,280.72,281.15,280.15,1007,93,8.2,140,75,10000
1522098000,Rain,light rain,10n,281.15,281.15,281.15,1006,87,6.7,160,75,10000
1522099800,Rain,light rain,10n,281.15,281.15,281.15,1006,87,8.2,160,75,10000
1522101600,Drizzle,light intensity drizzle rain,09n,281.17,282.15,280.15,1006,100,5.7,150,75,9000
1522103400,Rain,light rain,10n,281.73,282.15,281.15,1005,93,3.6,160,75,9000
1522105200,Rain,light rain,10n,282.17,283.15,281.15,1004,93,4.6,150,75,7000
1522107000,Drizzle,light intensity drizzle rain,09n,282.29,283.15,281.15,1004,93,4.6,150,75,6000
1522108800,Rain,light rain,10n,282.17,283.15,281.15,1004,93,4.1,160,75,10000
1522110600,Rain,light rain,10n,283.15,283.15,283.15,1003,93,2.6,170,75,10000
1522112400,Rain,light rain,10n,283.15,283.15,283.15,1003,93,7.2,230,75,10000
1522114200,Drizzle,light intensity drizzle rain,09n,283.15,283.15,283.15,1002,93,7.2,240,75,7000
1522116000,Drizzle,light intensity drizzle rain,09n,283.15,283.15,283.15,1002,93,6.7,240,75,10000
1522117800,Drizzle,light intensity drizzle,09n,283.15,283.15,283.15,1002,93,6.7,240,75,10000
1522119600,Clouds,broken clouds,04n,283.15,283.15,283.15,1002,93,6.2,240,75,10000
1522121400,Clouds,broken clouds,04n,283.15,283.15,283.15,1001,93,5.7,240,75,10000
1522123200,Drizzle,light intensity drizzle rain,09n,283.15,283.15,283.15,1001,93,5.7,240,75,10000
1522125000,Drizzle,light intensity drizzle rain,09n,283.15,283.15,283.15,1001,93,5.1,240,75,5000
1522126800,Drizzle,light intensity drizzle rain,09n,283.15,283.15,283.15,1001,93,5.1,250,75,4000
1522128600,Drizzle,light intensity drizzle rain,09n,282.3,283.15,281.15,1002,93,8.2,280,75,5000
1522130400,Drizzle,light intensity drizzle,09n,281.15,281.15,281.15,1002,93,8.2,280,75,10000
1522132200,Drizzle,light intensity drizzle,09d,280.72,281.15,280.15,1002,93,10.8,280,75,10000
1522134000,Clouds,broken clouds,04d,280.15,280.15,280.15,1003,93,8.2,280,75,10000
1522135800,Drizzle,light intensity drizzle,09d,281.15,281.15,281.15,1003,87,9.3,280,75,10000
1522137600,Drizzle,light intensity drizzle,09d,280.64,281.15,280.15,1003,81,8.7,280,40,10000
1522139400,Clouds,broken clouds,04d,281.15,281.15,281.15,1003,81,10.3,280,75,10000
1522141200,Drizzle,light intensity drizzle,09d,280.64,281.15,280.15,1004,81,9.3,270,75,10000
1522143000,Drizzle,light intensity drizzle,09d,281.15,281.15,281.15,1004,81,9.8,280,75,10000
1522146600,Drizzle,light intensity drizzle,09d,281.59,282.15,281.15,1005,81,8.2,290,75,10000
1522148400,Drizzle,light intensity drizzle rain,09d,281.15,281.15,281.15,1005,87,10.3,290,75,10000
1522150200,Drizzle,light intensity drizzle,09d,281.15,281.15,281.15,1005,81,7.7,280,75,10000
1522152000,Rain,light intensity shower rain,09d,281.15,281.15,281.15,1005,81,8.7,300,75,10000
1522153800,Rain,shower rain,09d,281.66,282.15,281.15,1005,75,7.7,280,40,10000
1522155600,Rain,shower rain,09d,281.15,281.15,281.15,1005,75,8.7,280,75,10000
1522157400,Clouds,broken clouds,04d,281.64,282.15,281.15,1005,66,10.3,270,75,10000
1522159200,Rain,light intensity shower rain,09d,281.66,282.15,281.15,1006,70,10.3,270,75,10000
1522161000,Rain,shower rain,09d,281.66,282.15,281.15,1006,65,9.8,280,75,10000
1522162800,Rain,shower rain,09d,281.15,281.15,281.15,1006,65,9.3,280,75,10000
1522166400,Clouds,broken clouds,04d,281.71,282.15,281.15,1006,75,6.2,270,75,10000
1522168200,Clouds,broken clouds,04d,280.59,281.15,280.15,1005,70,7.2,270,75,10000
1522170000,Clouds,broken clouds,04d,280.51,281.15,280.15,1005,70,9.3,260,75,10000
1522171800,Rain,shower rain,09d,280.71,281.15,280.15,1006,70,6.7,270,75,10000
1522173600,Rain,shower rain,09d,280.77,281.15,280.15,1006,70,3.1,290,75,10000
1522175400,Rain,shower rain,09d,279.74,280.15,279.15,1007,87,5.7,290,75,10000
1522177200,Rain,light intensity shower rain,09n,278.64,279.15,278.15,1006,81,5.1,290,75,10000
1522179000,Rain,light intensity shower rain,09n,278.15,278.15,278.15,1006,80,4.6,280,75,10000
1522180800,Clouds,broken clouds,04n,278.15,278.15,278.15,1006,80,4.1,280,75,10000
1522184400,Clouds,broken clouds,04n,277.15,277.15,277.15,1006,93,2.1,240,75,10000
1522186200,Clouds,scattered clouds,03n,277.57,278.15,277.15,1006,80,4.1,250,40,10000
1522188000,Clouds,scattered clouds,03n,277.15,277.15,277.15,1006,86,4.6,240,40,10000
1522189800,Clouds,scattered clouds,03n,277.15,277.15,277.15,1006,86,4.6,240,40,10000
1522191600,Clouds,scattered clouds,03n,277.15,277.15,277.15,1006,86,4.1,250,40,10000
1522193400,Clouds,broken clouds,04n,277.15,277.15,277.15,1006,86,3.6,240,75,10000
1522195200,Clouds,broken clouds,04n,277.15,277.15,277.15,1006,86,4.1,250,75,10000
1522197000,Clouds,broken clouds,04n,277.15,277.15,277.15,1006,86,4.1,250,75,10000
1522198800,Clouds,broken clouds,04n,277.15,277.15,277.15,1005,86,4.6,240,75,10000
1522200600,Clouds,broken clouds,04n,277.15,277.15,277.15,1005,86,4.6,250,75,10000
1522202400,Clouds,broken clouds,04n,277.15,277.15,277.15,1005,86,4.6,240,75,10000
1522204200,Clouds,broken clouds,04n,277.15,277.15,277.15,1004,86,5.1,250,75,10000
1522206000,Clouds,broken clouds,04n,276.64,277.15,276.15,1004,86,5.1,250,75,10000
1522207800,Clouds,broken clouds,04n,276.56,277.15,276.15,1004,86,5.1,250,75,10000
1522209600,Clouds,broken clouds,04n,276.15,276.15,276.15,1004,93,6.2,270,75,10000
1522211400,Clouds,broken clouds,04n,276.15,276.15,276.15,1003,93,5.1,270,75,10000
1522213200,Rain,light intensity shower rain,09n,276.15,276.15,276.15,1003,93,5.1,260,75,10000
1522215000,Rain,light intensity shower rain,09n,276.15,276.15,276.15,1003,93,5.7,260,75,10000
1522216800,Clouds,broken clouds,04n,276.15,276.15,276.15,1003,93,6.2,260,75,10000
1522218600,Clouds,broken clouds,04d,276.15,276.15,276.15,1003,93,4.6,270,75,10000
1522222200,Clouds,broken clouds,04d,276.59,277.15,276.15,1003,86,6.2,270,75,10000
1522224000,Clouds,broken clouds,04d,276.59,277.15,276.15,1004,86,6.2,270,75,10000
1522225800,Clouds,scattered clouds,03d,277.15,277.15,277.15,1004,93,6.2,270,40,10000
1522227600,Clouds,broken clouds,04d,277.15,277.15,277.15,1004,86,7.2,270,75,10000
1522231200,Clouds,broken clouds,04d,278.59,279.15,278.15,1004,75,7.7,280,75,10000
1522233000,Clouds,broken clouds,04d,279.15,279.15,279.15,1003,75,6.7,280,75,10000
1522234800,Clouds,broken clouds,04d,279.58,280.15,279.15,1003,70,7.2,280,75,10000
1522238400,Clouds,scattered clouds,03d,280.59,281.15,280.15,1003,61,6.7,280,40,10000
1522240200,Clouds,scattered clouds,03d,281.66,282.15,281.15,1003,61,8.2,270,40,10000
1522242000,Clouds,scattered clouds,03d,281.66,282.15,281.15,1003,98,6.7,290,40,10000
1522243800,Rain,shower rain,09d,280.64,281.15,280.15,1003,98,6.2,260,40,10000
1522245600,Rain,shower rain,09d,282.66,283.15,282.15,1003,98,6.7,270,40,10000
1522247400,Rain,shower rain,09d,281.66,282.15,281.15,1002,61,8.2,260,40,10000
1522249200,Rain,shower rain,09d,280.66,281.15,280.15,1002,98,5.7,300,75,10000
1522252800,Rain,shower rain,09d,280.02,281.15,279.15,1002,52,8.2,260,75,10000
1522344600,Rain,light rain,10d,278.59,279.15,278.15,994,87,5.7,70,75,10000
1522346400,Rain,moderate rain,10d,278.64,279.15,278.15,994,81,4.6,70,75,10000
1522348200,Rain,moderate rain,10d,278.57,279.15,278.15,994,87,5.1,70,75,10000
1522350000,Rain,light rain,10n,277.64,278.15,277.15,995,93,7.7,120,75,10000
1522351800,Rain,light rain,10n,277.15,277.15,277.15,995,93,4.1,150,75,10000
1522353600,Rain,light rain,10n,276.64,277.15,276.15,995,93,3.1,150,75,10000
1522355400,Rain,light rain,10n,276.57,277.15,276.15,995,93,2.6,130,75,10000
1522357200,Rain,light rain,10n,277.15,277.15,277.15,995,93,2.1,130,75,10000
1522359000,Rain,moderate rain,10n,277.15,277.15,277.15,995,93,4.1,80,75,10000
1522362600,Rain,light rain,10n,276.15,276.15,276.15,994,93,2.6,350,75,10000
1522364400,Rain,moderate rain,10n,276.15,276.15,276.15,994,93,2.6,320,75,10000
1522366200,Drizzle,light intensity drizzle,09n,276.15,276.15,276.15,994,93,1.5,320,75,10000
1522368000,Drizzle,light intensity drizzle rain,09n,275.64,276.15,275.15,994,93,1.5,280,75,10000
1522369800,Rain,light rain,10n,275.57,276.15,275.15,994,100,1.0,300,75,10000
1522371600,Drizzle,light intensity drizzle rain,09n,275.64,276.15,275.15,994,100,1.0,0,75,10000
1522373400,Clouds,broken clouds,04n,275.57,276.15,275.15,994,100,1.5,0,75,10000
1522375200,Rain,light rain,10n,276.15,276.15,276.15,994,100,1.0,0,75,10000
1522377000,Rain,light rain,10n,276.58,277.15,276.15,994,93,3.1,70,75,10000
1522378800,Clouds,broken clouds,04n,276.64,277.15,276.15,994,100,3.6,80,75,10000
1522380600,Clouds,broken clouds,04n,276.57,277.15,276.15,994,93,2.6,140,75,10000
1522382400,Clouds,broken clouds,04n,276.15,276.15,276.15,995,100,1.0,0,75,10000
1522384200,Clouds,broken clouds,04n,276.15,276.15,276.15,995,100,1.0,130,75,10000
1522386000,Clouds,broken clouds,04n,276.15,276.15,276.15,995,93,1.5,120,75,10000
1522387800,Clouds,broken clouds,04n,275.73,276.15,275.15,995,100,1.0,0,75,10000
1522389600,Mist,mist,50n,275.15,275.15,275.15,995,100,2.1,70,75,10000
1522391400,Mist,mist,50d,275.15,275.15,275.15,996,100,2.6,10,75,10000
1522393200,Fog,fog,50d,275.64,276.15,275.15,996,100,3.1,40,75,10000
1522395000,Fog,fog,50d,275.64,276.15,275.15,996,100,4.1,50,75,10000
1522396800,Fog,fog,50d,276.64,277.15,276.15,996,93,4.1,50,75,10000
1522398600,Fog,fog,50d,277.0,278.15,276.15,996,93,3.1,60,75,10000
1522400400,Clouds,broken clouds,04d,278.15,278.15,278.15,996,93,3.6,40,75,10000
1522402200,Clouds,broken clouds,04d,278.15,278.15,278.15,997,93,5.1,40,75,10000
1522404000,Clouds,broken clouds,04d,279.15,279.15,279.15,997,87,5.1,50,75,10000
1522405800,Rain,shower rain,09d,279.15,279.15,279.15,997,81,5.7,40,75,10000
1522407600,Rain,light intensity shower rain,09d,278.17,279.15,277.15,997,93,3.1,10,75,7000
1522409400,Rain,light intensity shower rain,09d,278.72,279.15,278.15,997,86,3.1,30,75,9000
1522411200,Rain,shower rain,09d,278.66,279.15,278.15,997,86,3.1,50,75,4000
1522413000,Rain,shower rain,09d,278.31,279.15,277.15,998,93,2.6,90,75,4000
1522414800,Rain,light intensity shower rain,09d,277.66,278.15,277.15,998,93,2.1,80,75,10000
1522416600,Rain,light intensity shower rain,09d,278.15,278.15,278.15,998,93,1.5,0,75,10000
1522418400,Rain,light intensity shower rain,09d,277.14,278.15,276.15,998,93,6.2,20,75,10000
1522420200,Rain,light intensity shower rain,09d,277.39,279.15,276.15,997,87,7.2,10,75,10000
1522422000,Clouds,broken clouds,04d,279.15,279.15,279.15,998,87,7.2,20,75,10000
1522423800,Clouds,broken clouds,04d,279.15,279.15,279.15,998,87,6.7,20,75,10000
1522425600,Clouds,broken clouds,04d,279.15,279.15,279.15,997,81,5.7,30,75,8000
1522429200,Clouds,broken clouds,04d,279.15,279.15,279.15,998,81,5.7,30,75,10000
1522431000,Clouds,broken clouds,04d,278.73,279.15,278.15,998,86,6.2,20,75,10000
1522432800,Clouds,broken clouds,04d,278.15,278.15,278.15,998,86,5.1,20,75,10000
1522434600,Clouds,broken clouds,04d,278.15,278.15,278.15,999,86,5.1,20,75,10000
1522436400,Clouds,broken clouds,04n,278.15,278.15,278.15,999,86,4.6,10,75,10000
1522438200,Clouds,broken clouds,04n,278.15,278.15,278.15,999,80,2.6,360,75,10000
1522440000,Clouds,broken clouds,04n,277.66,278.15,277.15,999,93,3.1,340,75,10000
1522441800,Clouds,broken clouds,04n,277.72,278.15,277.15,1000,86,3.1,340,75,10000
1522443600,Clouds,scattered clouds,03n,277.66,278.15,277.15,1000,86,3.6,340,40,10000
1522445400,Clouds,broken clouds,04n,277.72,278.15,277.15,1000,86,4.6,330,75,10000
1522449000,Clouds,broken clouds,04n,277.71,278.15,277.15,1000,86,3.6,350,75,10000
1522450800,Clouds,broken clouds,04n,277.15,277.15,277.15,1000,93,4.6,350,75,10000
1522452600,Clouds,broken clouds,04n,277.15,277.15,277.15,1000,86,5.1,350,75,10000
1522454400,Clouds,broken clouds,04n,277.15,277.15,277.15,1000,86,4.6,340,75,10000
1522456200,Clouds,broken clouds,04n,277.15,277.15,277.15,1000,86,5.7,340,75,10000
1522458000,Clouds,broken clouds,04n,277.15,277.15,277.15,1000,93,5.1,340,75,10000
1522459800,Clouds,broken clouds,04n,277.15,277.15,277.15,1001,93,5.7,340,75,10000
1522461600,Clouds,broken clouds,04n,277.15,277.15,277.15,1001,93,4.6,350,75,10000
1522463400,Clouds,broken clouds,04n,277.15,277.15,277.15,1001,93,5.1,340,75,10000
1522465200,Clouds,broken clouds,04n,277.15,277.15,277.15,1001,93,6.2,330,75,10000
1522467000,Clouds,broken clouds,04n,277.15,277.15,277.15,1001,93,5.7,340,75,10000
1522470600,Clouds,broken clouds,04n,277.15,277.15,277.15,1001,93,5.1,340,75,10000
1522472400,Clouds,broken clouds,04n,276.79,277.15,276.15,1001,100,4.1,350,75,10000
1522474200,Clouds,broken clouds,04n,276.71,277.15,276.15,1002,93,4.6,340,75,10000
1522476000,Clouds,scattered clouds,03d,276.66,277.15,276.15,1002,93,5.1,340,40,10000
1522477800,Clouds,scattered clouds,03d,276.74,277.15,276.15,1002,93,5.7,330,40,10000
1522479600,Clouds,scattered clouds,03d,276.15,276.15,276.15,1003,93,5.7,330,40,10000
1522481400,Clouds,broken clouds,04d,276.15,276.15,276.15,1003,100,5.7,340,75,10000
1522483200,Clouds,broken clouds,04d,277.15,277.15,277.15,1003,93,4.6,340,75,10000
1522485000,Clouds,broken clouds,04d,277.58,278.15,277.15,1004,86,5.1,350,75,10000
1522486800,Clouds,broken clouds,04d,278.15,278.15,278.15,1004,86,5.1,350,75,10000
1522488600,Clouds,broken clouds,04d,278.57,279.15,278.15,1004,81,6.2,360,75,10000
1522490400,Clouds,broken clouds,04d,279.15,279.15,279.15,1004,81,7.2,360,75,10000
1522494000,Clouds,broken clouds,04d,279.15,279.15,279.15,1005,75,7.7,10,75,10000
1522495800,Clouds,broken clouds,04d,279.15,279.15,279.15,1005,81,7.2,20,75,10000
1522497600,Clouds,broken clouds,04d,279.15,279.15,279.15,1006,75,8.2,20,75,10000
1522499400,Clouds,broken clouds,04d,279.15,279.15,279.15,1006,75,6.7,30,75,10000
1522501200,Clouds,broken clouds,04d,279.64,280.15,279.15,1006,70,7.2,30,75,10000
1522503000,Clouds,broken clouds,04d,279.15,279.15,279.15,1006,70,7.7,30,75,10000
1522504800,Clouds,broken clouds,04d,279.15,279.15,279.15,1007,75,7.2,30,75,10000
1522634400,Rain,light rain,10n,276.15,276.15,276.15,1000,93,9.8,90,75,10000
1522679400,Rain,moderate rain,10d,279.58,280.15,279.15,988,93,4.6,40,75,700
1522681200,Rain,light rain,10d,280.15,280.15,280.15,987,100,5.1,50,75,900
1522684800,Rain,light rain,10d,280.15,280.15,280.15,987,100,3.1,20,75,700
1522686600,Rain,light rain,10d,280.15,280.15,280.15,987,100,2.6,360,75,700
1522688400,Fog,fog,50d,280.15,280.15,280.15,987,100,2.6,360,75,900
1522690200,Fog,fog,50d,280.15,280.15,280.15,987,100,2.6,360,75,700
1522692000,Fog,fog,50d,280.15,280.15,280.15,987,100,2.6,350,75,600
1522693800,Fog,fog,50d,280.15,280.15,280.15,987,100,3.1,360,75,500
1522695600,Fog,fog,50d,279.66,280.15,279.15,987,100,2.1,360,75,800
1522697400,Rain,light rain,10n,279.72,280.15,279.15,987,100,2.6,20,75,1500
1522699200,Rain,moderate rain,10n,279.66,280.15,279.15,987,100,2.6,20,75,1200
1522701000,Rain,moderate rain,10n,279.72,280.15,279.15,987,100,2.1,10,75,1200
1522702800,Rain,light rain,10n,279.66,280.15,279.15,987,100,2.6,360,75,1200
1522704600,Rain,light rain,10n,279.73,280.15,279.15,987,100,2.6,360,75,800
1522708200,Rain,light rain,10n,279.15,279.15,279.15,987,100,2.6,360,75,600
1522710000,Rain,light rain,10n,279.15,279.15,279.15,987,100,3.1,10,75,800
1522711800,Mist,mist,50n,279.15,279.15,279.15,987,100,2.1,40,75,1200
1522713600,Fog,fog,50n,279.15,279.15,279.15,987,100,3.1,20,75,800
1522717200,Fog,fog,50n,279.15,279.15,279.15,987,100,2.6,30,75,300
1522719000,Fog,fog,50n,279.15,279.15,279.15,987,100,2.1,40,75,300
1522720800,Fog,fog,50n,279.15,279.15,279.15,986,100,2.6,40,75,300
1522722600,Fog,fog,50n,279.15,279.15,279.15,986,100,2.1,40,75,300
1522724400,Fog,fog,50n,279.15,279.15,279.15,986,100,2.6,40,75,400
1522728000,Fog,fog,50n,279.15,279.15,279.15,986,100,2.6,40,75,400
1522729800,Fog,fog,50n,279.15,279.15,279.15,985,100,2.6,60,75,300
1522731600,Fog,fog,50n,279.15,279.15,279.15,985,100,3.1,30,75,200
1522733400,Fog,fog,50n,279.15,279.15,279.15,985,100,3.1,60,75,300
1522735200,Fog,fog,50d,279.64,280.15,279.15,985,100,2.6,70,75,250
1522737000,Rain,moderate rain,10d,279.57,280.15,279.15,985,100,3.1,100,75,400
1522738800,Fog,fog,50d,280.15,280.15,280.15,985,100,4.1,110,75,500
1522740600,Fog,fog,50d,280.15,280.15,280.15,985,100,4.6,120,75,600
1522744200,Rain,moderate rain,10d,280.71,281.15,280.15,985,100,3.6,140,75,800
1522746000,Rain,light rain,10d,281.15,281.15,281.15,985,100,4.1,130,75,1200
1522749600,Rain,light intensity shower rain,09d,282.15,282.15,282.15,985,100,2.6,180,75,10000
1522751400,Clouds,broken clouds,04d,283.66,284.15,283.15,985,87,6.2,200,75,10000
1522753200,Clouds,broken clouds,04d,284.64,285.15,284.15,985,76,8.2,220,75,10000
1522755000,Clouds,broken clouds,04d,284.15,284.15,284.15,986,71,8.2,210,75,10000
1522756800,Clouds,scattered clouds,03d,284.59,285.15,284.15,986,66,8.7,210,40,10000
1522760400,Rain,light intensity shower rain,09d,284.28,285.15,283.15,986,76,8.2,230,40,5000
1522764000,Rain,light intensity shower rain,09d,284.15,284.15,284.15,986,71,8.2,220,75,10000
1522765800,Rain,shower rain,09d,285.15,285.15,285.15,986,62,7.2,220,75,10000
1522767600,Rain,light intensity shower rain,09d,285.66,286.15,285.15,986,62,5.7,220,75,10000
1522771200,Rain,light intensity shower rain,09d,285.71,286.15,285.15,986,54,5.7,210,75,10000
1522773000,Rain,shower rain,09d,285.15,285.15,285.15,986,54,8.2,210,40,10000
1522774800,Rain,shower rain,09d,284.77,285.15,284.15,987,62,8.2,220,75,10000
1522776600,Rain,shower rain,09d,285.15,285.15,285.15,987,54,6.7,210,75,10000
1522778400,Rain,shower rain,09d,284.78,285.15,284.15,987,57,6.7,200,75,10000
1522780200,Rain,shower rain,09d,283.15,283.15,283.15,987,66,4.6,180,75,10000
1522782000,Rain,shower rain,09d,282.64,283.15,282.15,988,66,4.6,190,75,10000
1522783800,Clouds,broken clouds,04n,282.15,282.15,282.15,988,70,3.1,190,75,10000
1522785600,Clouds,scattered clouds,03n,281.13,282.15,280.15,988,70,3.6,190,40,10000
1522787400,Clouds,scattered clouds,03n,280.58,281.15,280.15,989,75,3.6,180,40,10000
1522789200,Clouds,scattered clouds,03n,280.64,281.15,280.15,989,75,3.6,200,40,10000
1522791000,Clouds,scattered clouds,03n,280.15,280.15,280.15,989,75,4.6,180,40,10000
1522792800,Clouds,scattered clouds,03n,280.15,280.15,280.15,989,81,4.1,180,40,10000
1522794600,Clouds,scattered clouds,03n,280.15,280.15,280.15,989,81,4.6,180,40,10000
1522796400,Clouds,scattered clouds,03n,279.66,280.15,279.15,989,87,3.6,170,40,10000
1522798200,Clouds,scattered clouds,03n,279.72,280.15,279.15,989,87,2.6,160,40,10000
1522800000,Clouds,scattered clouds,03n,278.66,279.15,278.15,989,80,2.1,190,40,10000
1522801800,Clouds,broken clouds,04n,279.15,279.15,279.15,989,87,2.1,130,75,10000
1522803600,Rain,light rain,10n,279.15,279.15,279.15,989,93,3.6,140,75,10000
1522805400,Rain,light rain,10n,279.58,280.15,279.15,989,93,3.6,130,75,10000
1522807200,Rain,light rain,10n,280.15,280.15,280.15,989,93,3.1,140,75,10000
1522809000,Rain,light rain,10n,280.15,280.15,280.15,988,93,4.1,130,75,8000
1522810800,Rain,light rain,10n,280.15,280.15,280.15,988,93,3.6,150,75,10000
1522812600,Rain,moderate rain,10n,279.72,280.15,279.15,988,100,1.0,0,75,10000
1522816200,Rain,moderate rain,10n,279.15,279.15,279.15,989,93,2.1,340,75,6000
1523034000,Clouds,scattered clouds,03d,285.15,285.15,285.15,998,62,8.7,180,40,10000
1523035800,Clouds,scattered clouds,03d,285.15,285.15,285.15,999,62,7.2,190,40,10000
1523037600,Clouds,scattered clouds,03d,285.15,285.15,285.15,999,62,5.7,180,40,10000
1523039400,Clouds,scattered clouds,03d,284.56,285.15,284.15,999,62,7.2,170,40,10000
1523041200,Clouds,scattered clouds,03d,283.64,284.15,283.15,999,66,8.7,190,40,10000
1523043000,Clouds,few clouds,02n,283.57,284.15,283.15,1000,66,7.7,190,20,10000
1523044800,Clouds,few clouds,02n,283.64,284.15,283.15,1001,66,6.7,190,20,10000
1523046600,Clouds,scattered clouds,03n,283.15,283.15,283.15,1001,71,6.7,180,40,10000
1523048400,Clouds,scattered clouds,03n,282.64,283.15,282.15,1001,71,5.7,180,40,10000
1523050200,Clouds,broken clouds,04n,282.57,283.15,282.15,1002,76,5.7,190,75,10000
1523056411,Clear,clear sky,01n,281.486,281.486,281.486,1012,91,7.2,195,0,0
1523057698,Clear,clear sky,01n,281.486,281.486,281.486,1012,91,7.2,195,0,0
1523059200,Clouds,broken clouds,04n,282.15,282.15,282.15,1002,76,6.7,210,75,10000
1523059277,Clear,clear sky,01n,281.486,281.486,281.486,1012,91,7.2,195,0,0
1523066827,Clouds,broken clouds,04n,281.117,281.117,281.117,1013,93,4.33,186,76,0
1523068307,Clouds,broken clouds,04n,281.117,281.117,281.117,1013,93,4.33,186,76,0
1523069537,Clouds,broken clouds,04n,281.117,281.117,281.117,1013,93,4.33,186,76,0
1523071274,Clouds,broken clouds,04n,281.117,281.117,281.117,1013,93,4.33,186,76,0
1523072754,Clouds,broken clouds,04n,281.117,281.117,281.117,1013,93,4.33,186,76,0
1523073600,Clouds,broken clouds,04n,280.66,281.15,280.15,1003,87,2.1,150,75,10000
1523073985,Clouds,broken clouds,04n,281.117,281.117,281.117,1013,93,4.33,186,76,0
1523077200,Clouds,broken clouds,04n,279.66,280.15,279.15,1003,87,2.1,200,75,10000
1523080800,Clouds,broken clouds,04d,279.16,280.15,278.15,1004,93,2.6,80,75,10000
1523082600,Clouds,broken clouds,04d,279.29,280.15,278.15,1004,93,1.5,0,75,10000
1523084400,Clouds,broken clouds,04d,279.16,280.15,278.15,1004,100,1.5,0,75,10000
1523086200,Clouds,broken clouds,04d,279.72,280.15,279.15,1004,100,2.1,90,75,8000
1523088000,Fog,fog,50d,280.66,281.15,280.15,1004,100,3.1,120,75,900
1523089800,Fog,fog,50d,280.72,281.15,280.15,1004,100,3.6,130,75,800
1523091600,Clouds,broken clouds,04d,281.66,282.15,281.15,1005,93,4.1,140,75,7000
1523095200,Clouds,broken clouds,04d,282.15,282.15,282.15,1004,87,1.5,0,75,7000
1523097000,Clouds,broken clouds,04d,282.58,283.15,282.15,1004,81,1.0,0,75,10000
1523098800,Clouds,broken clouds,04d,284.15,284.15,284.15,1005,76,1.0,0,75,10000
1523100600,Clouds,broken clouds,04d,284.15,284.15,284.15,1005,71,2.1,320,75,10000
1523104200,Clouds,broken clouds,04d,284.15,284.15,284.15,1005,81,2.6,300,75,10000
1523106000,Rain,shower rain,09d,284.16,285.15,283.15,1005,93,4.1,140,75,8000
1523107800,Rain,shower rain,09d,283.85,285.15,282.15,1005,93,3.1,120,75,4000
1523109600,Rain,light rain,10d,284.16,285.15,283.15,1005,93,4.1,130,75,6000
1523111400,Rain,light rain,10d,284.71,285.15,284.15,1005,81,2.6,150,75,10000
1523113200,Clouds,broken clouds,04d,285.66,286.15,285.15,1004,71,2.6,160,75,10000
1523115000,Clouds,broken clouds,04d,285.71,286.15,285.15,1004,71,3.1,150,75,10000
1523116800,Clouds,broken clouds,04d,285.15,285.15,285.15,1004,71,3.6,130,75,10000
1523118600,Clouds,broken clouds,04d,285.15,285.15,285.15,1005,62,4.6,130,75,10000
1523120400,Rain,light intensity shower rain,09d,282.15,282.15,282.15,1005,87,6.2,290,75,10000
1523122200,Rain,light intensity shower rain,09d,282.58,283.15,282.15,1005,87,0.5,0,75,10000
1523124000,Rain,shower rain,09d,283.64,284.15,283.15,1006,76,2.1,20,75,10000
1523125800,Rain,shower rain,09d,282.71,283.15,282.15,1006,87,1.5,0,75,10000
1523127600,Rain,light intensity shower rain,09d,282.15,282.15,282.15,1006,87,2.1,130,40,10000
1523129400,Rain,light intensity shower rain,09n,281.3,282.15,280.15,1006,87,2.6,160,40,10000
1523131200,Clouds,few clouds,02n,281.15,281.15,281.15,1006,93,2.6,170,20,10000
1523133000,Clouds,few clouds,02n,280.72,281.15,280.15,1006,93,2.6,180,20,10000
1523134800,Clouds,few clouds,02n,279.15,279.15,279.15,1006,100,0.5,0,20,10000
1523136600,Clouds,few clouds,02n,278.71,279.15,278.15,1006,93,1.5,0,20,10000
1523138400,Clouds,few clouds,02n,279.16,280.15,278.15,1006,100,2.1,220,20,10000
1523140200,Clouds,few clouds,02n,279.72,280.15,279.15,1006,93,1.5,0,20,10000
1523142000,Clouds,few clouds,02n,279.66,280.15,279.15,1006,100,2.6,240,20,10000
1523143800,Clouds,few clouds,02n,279.71,280.15,279.15,1006,100,3.1,250,20,10000
1523145600,Clouds,few clouds,02n,280.15,280.15,280.15,1006,93,2.6,240,20,10000
1523147400,Clouds,few clouds,02n,280.15,280.15,280.15,1007,93,4.6,240,20,10000
1523149200,Clouds,few clouds,02n,279.64,280.15,279.15,1007,93,5.1,240,20,10000
1523151000,Clouds,few clouds,02n,279.59,280.15,279.15,1006,93,4.6,240,20,10000
1523152800,Clouds,few clouds,02n,279.15,279.15,279.15,1006,100,3.1,250,20,10000
1523154600,Clouds,scattered clouds,03n,279.58,280.15,279.15,1006,93,5.1,250,40,10000
1523156400,Clouds,scattered clouds,03n,280.15,280.15,280.15,1006,93,4.1,240,40,10000
1523158200,Clouds,broken clouds,04n,280.15,280.15,280.15,1006,93,4.6,230,75,10000
1523160000,Clouds,scattered clouds,03n,280.15,280.15,280.15,1006,93,4.1,240,40,10000
1523161800,Clouds,scattered clouds,03n,280.15,280.15,280.15,1006,93,4.1,240,40,10000
1523163600,Clouds,scattered clouds,03n,279.66,280.15,279.15,1006,100,2.6,210,40,10000
1523165400,Clouds,scattered clouds,03n,279.72,280.15,279.15,1006,93,3.1,220,40,10000
1523167200,Clouds,few clouds,02d,278.66,279.15,278.15,1006,100,3.6,250,20,10000
1523169000,Clouds,few clouds,02d,279.15,279.15,279.15,1006,93,3.1,270,20,10000
1523170800,Clouds,few clouds,02d,280.15,280.15,280.15,1006,93,2.1,360,20,10000
1523172600,Clouds,few clouds,02d,280.58,281.15,280.15,1007,87,2.6,230,20,10000
1523174400,Clouds,few clouds,02d,282.15,282.15,282.15,1007,81,3.1,190,20,10000
1523176200,Clouds,few clouds,02d,282.15,282.15,282.15,1007,81,2.6,160,20,10000
1523178000,Clouds,few clouds,02d,283.66,284.15,283.15,1007,81,3.6,150,20,10000
1523179800,Clouds,few clouds,02d,283.71,284.15,283.15,1007,87,3.1,120,20,10000
1523181600,Clouds,scattered clouds,03d,284.16,285.15,283.15,1007,87,4.1,110,40,10000
1523183400,Clouds,scattered clouds,03d,284.71,285.15,284.15,1008,76,3.6,120,40,10000
1523185200,Rain,shower rain,09d,283.64,284.15,283.15,1008,81,4.6,100,40,10000
1523187000,Rain,shower rain,09d,283.59,284.15,283.15,1008,81,4.1,100,40,10000
1523188800,Clouds,scattered clouds,03d,284.15,284.15,284.15,1008,76,3.1,100,40,10000
1523190600,Clouds,scattered clouds,03d,284.15,284.15,284.15,1008,81,3.1,120,40,10000
1523192400,Rain,light intensity shower rain,09d,284.64,285.15,284.15,1008,76,3.1,120,40,10000
1523194200,Fog,fog,50d,284.59,285.15,284.15,1008,76,4.1,120,40,10000
1523196000,Clouds,broken clouds,04d,284.64,285.15,284.15,1008,76,3.6,120,75,10000
1523197800,Clouds,broken clouds,04d,284.15,284.15,284.15,1008,81,3.6,130,75,10000
1523199600,Rain,shower rain,09d,285.15,285.15,285.15,1008,76,4.1,150,75,10000
1523201400,Rain,shower rain,09d,285.15,285.15,285.15,1008,71,2.6,140,75,10000
1523203200,Rain,shower rain,09d,286.15,286.15,286.15,1008,66,2.6,140,75,10000
1523205000,Rain,shower rain,09d,285.72,286.15,285.15,1008,71,2.6,130,40,10000
1523206800,Rain,shower rain,09d,284.66,285.15,284.15,1009,81,3.1,140,75,10000
1523208600,Rain,shower rain,09d,284.28,285.15,283.15,1009,87,1.5,350,75,10000
1523210400,Rain,shower rain,09d,283.67,285.15,282.15,1009,93,2.6,20,75,10000
1523212200,Rain,shower rain,09d,283.83,285.15,282.15,1010,87,2.1,340,40,10000
1523214000,Rain,shower rain,09d,282.66,283.15,282.15,1010,93,2.1,100,75,10000
1523215800,Rain,shower rain,09n,282.72,283.15,282.15,1010,93,1.5,0,75,10000
1523217600,Clouds,broken clouds,04n,282.15,282.15,282.15,1010,87,0.5,0,75,10000
1523219400,Clouds,broken clouds,04n,281.28,282.15,280.15,1011,93,1.0,0,75,10000
1523221200,Clouds,broken clouds,04n,280.66,281.15,280.15,1011,100,1.0,190,75,10000
1523223000,Clouds,broken clouds,04n,281.15,281.15,281.15,1011,93,2.1,190,75,10000
1523224800,Clouds,broken clouds,04n,280.15,280.15,280.15,1011,100,2.1,170,75,6000
1523226600,Clouds,broken clouds,04n,279.71,280.15,279.15,1011,93,1.5,170,75,6000
1523228400,Clouds,broken clouds,04n,279.66,280.15,279.15,1011,100,1.5,210,75,6000
1523230200,Clouds,broken clouds,04n,279.72,280.15,279.15,1011,100,1.5,0,75,6000
1523232000,Clouds,broken clouds,04n,279.64,280.15,279.15,1011,100,1.0,230,75,6000
1523233800,Clouds,broken clouds,04n,279.15,279.15,279.15,1010,100,1.5,230,75,9000
1523235600,Clouds,scattered clouds,03n,279.63,281.15,278.15,1010,87,1.5,240,40,10000
1523237400,Clouds,scattered clouds,03n,279.47,281.15,278.15,1010,87,1.5,0,40,10000
1523239200,Clouds,broken clouds,04n,279.63,281.15,278.15,1010,87,4.6,250,75,10000
1523241000,Clouds,broken clouds,04n,279.02,280.15,278.15,1010,93,4.1,240,75,10000
1523242800,Clouds,scattered clouds,03n,279.14,280.15,278.15,1010,93,4.6,240,40,10000
1523244600,Clouds,scattered clouds,03n,278.59,279.15,278.15,1010,93,4.1,240,40,10000
1523246400,Clouds,scattered clouds,03n,278.64,279.15,278.15,1009,93,3.1,240,40,10000
1523248200,Clouds,scattered clouds,03n,278.58,279.15,278.15,1009,93,3.6,250,40,10000
1523250000,Clouds,scattered clouds,03n,279.14,280.15,278.15,1009,87,3.1,240,40,10000
1523251800,Clouds,broken clouds,04n,279.02,280.15,278.15,1009,87,1.5,190,75,10000
1523253600,Clouds,broken clouds,04d,279.64,280.15,279.15,1009,87,2.1,180,75,10000
1523257200,Clouds,broken clouds,04d,280.15,280.15,280.15,1008,93,1.0,0,75,10000
1523259000,Clouds,broken clouds,04d,281.66,282.15,281.15,1008,87,2.1,240,75,10000
1523260800,Clouds,broken clouds,04d,282.66,283.15,282.15,1007,81,1.0,0,75,10000
1523262600,Clouds,scattered clouds,03d,284.15,284.15,284.15,1007,76,1.0,0,40,10000
1523264400,Clouds,scattered clouds,03d,284.66,285.15,284.15,1007,71,1.0,0,40,10000
1523266200,Clouds,scattered clouds,03d,284.15,284.15,284.15,1006,71,1.0,0,40,10000
1523268000,Clouds,broken clouds,04d,284.15,284.15,284.15,1006,76,2.6,120,75,10000
1523269800,Rain,light intensity shower rain,09d,283.66,284.15,283.15,1006,81,4.1,110,75,10000
1523271600,Rain,light intensity shower rain,09d,283.15,283.15,283.15,1005,81,4.1,110,75,10000
1523273400,Rain,shower rain,09d,283.66,284.15,283.15,1005,87,2.1,160,75,10000
1523275200,Rain,shower rain,09d,284.16,285.15,283.15,1004,87,1.5,0,75,10000
1523277000,Rain,shower rain,09d,285.15,285.15,285.15,1004,71,2.6,150,40,10000
1523278800,Clouds,scattered clouds,03d,285.15,285.15,285.15,1003,76,4.6,140,40,10000
1523280600,Clouds,scattered clouds,03d,284.66,285.15,284.15,1003,81,6.2,150,40,10000
1523282400,Clouds,scattered clouds,03d,285.15,285.15,285.15,1002,76,7.2,140,40,10000
1523284200,Clouds,scattered clouds,03d,284.66,285.15,284.15,1002,76,6.7,140,40,10000
1523286000,Clouds,broken clouds,04d,283.66,284.15,283.15,1002,81,6.2,120,75,10000
1523291400,Clouds,scattered clouds,03d,283.72,284.15,283.15,1001,76,5.7,140,40,10000
1523295000,Rain,shower rain,09d,284.28,285.15,283.15,1000,76,7.7,130,40,10000
1523296800,Clouds,broken clouds,04d,283.16,284.15,282.15,1001,76,5.7,130,75,10000
1523298600,Clouds,broken clouds,04d,283.28,284.15,282.15,1000,76,6.7,120,75,10000
1523300400,Clouds,broken clouds,04d,282.16,283.15,281.15,1000,81,5.7,110,75,10000
1523302200,Clouds,broken clouds,04n,282.28,283.15,281.15,1000,81,6.2,110,75,10000
1523304000,Rain,light intensity shower rain,09n,280.64,281.15,280.15,1000,81,4.1,120,75,10000
1523305800,Clouds,broken clouds,04n,280.15,280.15,280.15,1000,87,3.6,120,75,10000
1523307600,Rain,light intensity shower rain,09n,280.64,281.15,280.15,1000,81,3.1,110,75,10000
1523309400,Clouds,broken clouds,04n,280.15,280.15,280.15,999,87,3.1,90,75,10000
1523311200,Clouds,broken clouds,04n,280.15,280.15,280.15,999,93,4.1,60,75,10000
1523313000,Clouds,broken clouds,04n,280.15,280.15,280.15,999,93,3.6,50,75,10000
1523314800,Clouds,broken clouds,04n,280.15,280.15,280.15,999,93,3.6,50,75,10000
1523316600,Clouds,broken clouds,04n,280.15,280.15,280.15,999,100,3.6,70,75,9000
1523318400,Clouds,broken clouds,04n,280.64,281.15,280.15,999,93,5.7,90,75,8000
1523320200,Clouds,broken clouds,04n,280.59,281.15,280.15,999,93,6.2,90,75,9000
1523322000,Mist,mist,50n,281.15,281.15,281.15,999,93,7.2,80,75,9000
1523323800,Mist,mist,50n,280.72,281.15,280.15,999,100,6.7,80,75,9000
1523325600,Drizzle,light intensity drizzle rain,09n,280.66,281.15,280.15,999,100,6.7,70,75,9000
1523327400,Drizzle,light intensity drizzle rain,09n,280.71,281.15,280.15,999,100,6.2,70,75,8000
1523329200,Drizzle,light intensity drizzle,09n,280.15,280.15,280.15,999,100,7.7,70,75,9000
1523331000,Drizzle,light intensity drizzle,09n,280.15,280.15,280.15,999,93,7.2,70,75,9000
1523332800,Mist,mist,50n,280.15,280.15,280.15,999,93,6.7,70,75,10000
1523334600,Mist,mist,50n,280.15,280.15,280.15,1000,93,7.2,70,75,10000
1523336400,Drizzle,light intensity drizzle rain,09n,280.15,280.15,280.15,1000,93,6.7,70,75,10000
1523338200,Drizzle,light intensity drizzle rain,09n,280.15,280.15,280.15,1000,93,7.2,70,75,10000
1523340000,Drizzle,light intensity drizzle rain,09d,280.15,280.15,280.15,1001,93,7.2,70,75,8000
1523341800,Drizzle,light intensity drizzle rain,09d,280.15,280.15,280.15,1001,93,8.2,70,75,6000
1523343600,Drizzle,light intensity drizzle,09d,280.15,280.15,280.15,1002,100,7.7,70,75,9000
1523345400,Drizzle,light intensity drizzle rain,09d,280.15,280.15,280.15,1002,93,8.2,70,75,7000
1523347200,Drizzle,light intensity drizzle rain,09d,280.15,280.15,280.15,1003,93,8.2,70,75,7000
1523349000,Drizzle,light intensity drizzle rain,09d,280.15,280.15,280.15,1003,93,8.2,70,75,9000
1523350800,Drizzle,light intensity drizzle,09d,280.15,280.15,280.15,1004,93,8.2,70,75,10000
1523352600,Drizzle,light intensity drizzle,09d,280.15,280.15,280.15,1004,100,8.2,70,75,10000
1523354400,Drizzle,light intensity drizzle,09d,280.15,280.15,280.15,1004,100,7.7,60,75,10000
1523356200,Drizzle,light intensity drizzle rain,09d,280.15,280.15,280.15,1005,93,7.2,60,75,10000
1523358000,Drizzle,light intensity drizzle rain,09d,280.15,280.15,280.15,1005,93,7.2,60,75,10000
1523359800,Drizzle,light intensity drizzle,09d,280.64,281.15,280.15,1005,87,7.7,50,75,10000
1523361600,Drizzle,light intensity drizzle rain,09d,280.64,281.15,280.15,1006,93,6.7,20,75,5000
1523363400,Drizzle,light intensity drizzle rain,09d,280.15,280.15,280.15,1006,100,7.2,30,75,6000
1523365200,Drizzle,light intensity drizzle,09d,280.15,280.15,280.15,1006,100,6.2,30,75,10000
1523367000,Drizzle,light intensity drizzle,09d,280.15,280.15,280.15,1006,93,7.7,40,75,10000
1523368800,Drizzle,light intensity drizzle rain,09d,280.15,280.15,280.15,1006,100,6.2,40,90,5000
1523370600,Drizzle,light intensity drizzle rain,09d,280.15,280.15,280.15,1006,93,7.2,40,75,4000
1523372400,Drizzle,light intensity drizzle rain,09d,280.15,280.15,280.15,1006,93,6.7,30,75,5000
1523376000,Drizzle,light intensity drizzle rain,09d,280.15,280.15,280.15,1006,93,7.7,40,75,8000
1523382559,Rain,light rain,10d,280.6,280.6,280.6,1015,97,8.06,33,92,0
1523384043,Rain,light rain,10d,280.6,280.6,280.6,1015,97,8.06,33,92,0
1523385416,Rain,light rain,10d,280.6,280.6,280.6,1015,97,8.06,33,92,0
1523386589,Rain,light rain,10d,280.6,280.6,280.6,1015,97,8.06,33,92,0
1523388247,Rain,light rain,10n,280.6,280.6,280.6,1015,97,8.06,33,92,0
1523389863,Rain,light rain,10n,280.881,280.881,280.881,1016,95,6.02,37,88,0
1523391244,Rain,light rain,10n,280.881,280.881,280.881,1016,95,6.02,37,88,0
1523392200,Drizzle,light intensity drizzle,09n,280.15,280.15,280.15,1009,93,4.1,40,75,4000
1523394000,Drizzle,light intensity drizzle,09n,280.15,280.15,280.15,1009,93,4.6,40,75,3500
1523395800,Drizzle,light intensity drizzle,09n,280.15,280.15,280.15,1009,93,4.6,40,75,4000
1523397600,Drizzle,light intensity drizzle,09n,280.15,280.15,280.15,1009,93,4.1,40,75,4000
1523399400,Drizzle,light intensity drizzle,09n,280.15,280.15,280.15,1009,93,4.1,50,90,3500
1523401200,Drizzle,light intensity drizzle,09n,280.15,280.15,280.15,1009,100,4.6,60,90,3500
1523403000,Drizzle,light intensity drizzle,09n,280.15,280.15,280.15,1009,100,5.1,60,90,3500
1523404800,Mist,mist,50n,280.15,280.15,280.15,1009,100,4.1,40,90,4000
1523406600,Mist,mist,50n,280.15,280.15,280.15,1009,100,4.6,50,90,4000
1523408400,Mist,mist,50n,280.15,280.15,280.15,1009,100,4.6,60,90,4000
1523410200,Mist,mist,50n,280.15,280.15,280.15,1010,100,5.1,60,90,4200
1523412000,Mist,mist,50n,280.15,280.15,280.15,1010,100,4.1,50,75,4500
1523413800,Mist,mist,50n,280.15,280.15,280.15,1010,100,3.6,40,75,5000
1523415600,Mist,mist,50n,280.15,280.15,280.15,1010,100,3.6,30,75,6000
1523417400,Mist,mist,50n,280.15,280.15,280.15,1010,93,4.6,60,75,6000
1523419200,Mist,mist,50n,280.15,280.15,280.15,1010,100,4.1,60,75,6000
1523421000,Mist,mist,50n,280.15,280.15,280.15,1010,100,4.6,80,75,6000
1523422800,Mist,mist,50n,280.15,280.15,280.15,1010,100,3.6,50,75,6000
1523424600,Mist,mist,50n,280.15,280.15,280.15,1010,100,4.1,50,75,5000
1523426400,Mist,mist,50d,280.15,280.15,280.15,1010,100,4.6,60,75,3000
1523428200,Mist,mist,50d,280.15,280.15,280.15,1010,100,4.1,60,75,3500
1523430000,Mist,mist,50d,280.64,281.15,280.15,1010,93,5.1,70,75,3500
1523431800,Mist,mist,50d,280.64,281.15,280.15,1010,93,4.1,70,75,3500
1523433600,Mist,mist,50d,281.15,281.15,281.15,1010,93,3.6,60,75,3000
1523435400,Mist,mist,50d,281.15,281.15,281.15,1010,93,4.1,50,75,3000
1523437200,Mist,mist,50d,281.15,281.15,281.15,1010,93,4.1,60,75,3000
1523439000,Mist,mist,50d,281.15,281.15,281.15,1010,93,4.6,50,75,3500
1523440800,Mist,mist,50d,280.66,281.15,280.15,1010,93,7.2,60,75,5000
